{
  "project_info": {
    "project_number": "261413608691",
    "firebase_url": "https://pokemapa-8ff2e.firebaseio.com",
    "project_id": "pokemapa-8ff2e",
    "storage_bucket": "pokemapa-8ff2e.appspot.com"
  },
  "client": [
    {
      "client_info": {
        "mobilesdk_app_id": "1:261413608691:android:a25773a8d6c9e3e3",
        "android_client_info": {
          "package_name": "com.example.mapa"
        }
      },
      "oauth_client": [
        {
          "client_id": "261413608691-esch2e37vp2laf814aiuk3ftdt5ltpm0.apps.googleusercontent.com",
          "client_type": 3
        }
      ],
      "api_key": [
        {
          "current_key": "AIzaSyDzS7cWnYlOAuetyu8zYtmHq6QMnnWp4Dk"
        }
      ],
      "services": {
        "appinvite_service": {
          "other_platform_oauth_client": [
            {
              "client_id": "261413608691-esch2e37vp2laf814aiuk3ftdt5ltpm0.apps.googleusercontent.com",
              "client_type": 3
            }
          ]
        }
      }
    }
  ],
  "configuration_version": "1"
}